Ticker,Query
AAPL,"AAPL OR ""AAPL stock"" OR ""Apple Inc."" OR Apple OR ""Apple stock"""
ABBV,"ABBV OR ""ABBV stock"" OR ""AbbVie Inc."" OR AbbVie OR ""AbbVie stock"""
ABNB,"ABNB OR ""ABNB stock"" OR ""Airbnb, Inc."" OR Airbnb, OR ""Airbnb, stock"""
ABT,"ABT OR ""ABT stock"" OR ""Abbott Laboratories"" OR Abbott OR ""Abbott stock"""
ACGL,"ACGL OR ""ACGL stock"" OR ""Arch Capital Group Ltd."" OR Arch OR ""Arch stock"""
ACN,"ACN OR ""ACN stock"" OR ""Accenture plc"" OR Accenture OR ""Accenture stock"""
ADBE,"ADBE OR ""ADBE stock"" OR ""Adobe Inc."" OR Adobe OR ""Adobe stock"""
ADI,"ADI OR ""ADI stock"" OR ""Analog Devices, Inc."" OR Analog OR ""Analog stock"""
ADM,"ADM OR ""ADM stock"" OR ""Archer-Daniels-Midland Company"" OR Archer-Daniels-Midland OR ""Archer-Daniels-Midland stock"""
ADP,"ADP OR ""ADP stock"" OR ""Automatic Data Processing, Inc."" OR Automatic OR ""Automatic stock"""
ADSK,"ADSK OR ""ADSK stock"" OR ""Autodesk, Inc."" OR Autodesk, OR ""Autodesk, stock"""
AEE,"AEE OR ""AEE stock"" OR ""Ameren Corporation"" OR Ameren OR ""Ameren stock"""
AEP,"AEP OR ""AEP stock"" OR ""American Electric Power Company, Inc."" OR American OR ""American stock"""
AES,"AES OR ""AES stock"" OR ""The AES Corporation"" OR AES OR ""AES stock"""
AFL,"AFL OR ""AFL stock"" OR ""Aflac Incorporated"" OR Aflac OR ""Aflac stock"""
AIG,"AIG OR ""AIG stock"" OR ""American International Group, Inc."" OR American OR ""American stock"""
AIZ,"AIZ OR ""AIZ stock"" OR ""Assurant, Inc."" OR Assurant, OR ""Assurant, stock"""
AJG,"AJG OR ""AJG stock"" OR ""Arthur J. Gallagher & Co."" OR Arthur OR ""Arthur stock"""
AKAM,"AKAM OR ""AKAM stock"" OR ""Akamai Technologies, Inc."" OR Akamai OR ""Akamai stock"""
ALB,"ALB OR ""ALB stock"" OR ""Albemarle Corporation"" OR Albemarle OR ""Albemarle stock"""
ALGN,"ALGN OR ""ALGN stock"" OR ""Align Technology, Inc."" OR Align OR ""Align stock"""
ALL,"ALL OR ""ALL stock"" OR ""The Allstate Corporation"" OR Allstate OR ""Allstate stock"""
ALLE,"ALLE OR ""ALLE stock"" OR ""Allegion plc"" OR Allegion OR ""Allegion stock"""
AMAT,"AMAT OR ""AMAT stock"" OR ""Applied Materials, Inc."" OR Applied OR ""Applied stock"""
AMCR,"AMCR OR ""AMCR stock"" OR ""Amcor plc"" OR Amcor OR ""Amcor stock"""
AMD,"AMD OR ""AMD stock"" OR ""Advanced Micro Devices, Inc."" OR Advanced OR ""Advanced stock"""
AME,"AME OR ""AME stock"" OR ""AMETEK, Inc."" OR AMETEK, OR ""AMETEK, stock"""
AMGN,"AMGN OR ""AMGN stock"" OR ""Amgen Inc."" OR Amgen OR ""Amgen stock"""
AMT,"AMT OR ""AMT stock"" OR ""American Tower Corporation"" OR American OR ""American stock"""
AMZN,"AMZN OR ""AMZN stock"" OR ""Amazon.com, Inc."" OR Amazon.com, OR ""Amazon.com, stock"""
ANET,"ANET OR ""ANET stock"" OR ""Arista Networks Inc"" OR Arista OR ""Arista stock"""
ANSS,"ANSS OR ""ANSS stock"" OR ""ANSYS, Inc."" OR ANSYS, OR ""ANSYS, stock"""
AON,"AON OR ""AON stock"" OR ""Aon plc"" OR Aon OR ""Aon stock"""
AOS,"AOS OR ""AOS stock"" OR ""A. O. Smith Corporation"" OR AOS OR ""AOS stock"""
APA,"APA OR ""APA stock"" OR ""APA Corporation"" OR APA OR ""APA stock"""
APD,"APD OR ""APD stock"" OR ""Air Products and Chemicals, Inc."" OR Air OR ""Air stock"""
APH,"APH OR ""APH stock"" OR ""Amphenol Corporation"" OR Amphenol OR ""Amphenol stock"""
APTV,"APTV OR ""APTV stock"" OR ""Aptiv PLC"" OR Aptiv OR ""Aptiv stock"""
ARE,"ARE OR ""ARE stock"" OR ""Alexandria Real Estate Equities, Inc."" OR Alexandria OR ""Alexandria stock"""
ATO,"ATO OR ""ATO stock"" OR ""Atmos Energy Corporation"" OR Atmos OR ""Atmos stock"""
AVB,"AVB OR ""AVB stock"" OR ""AvalonBay Communities, Inc."" OR AvalonBay OR ""AvalonBay stock"""
AVGO,"AVGO OR ""AVGO stock"" OR ""Broadcom Inc."" OR Broadcom OR ""Broadcom stock"""
AVY,"AVY OR ""AVY stock"" OR ""Avery Dennison Corporation"" OR Avery OR ""Avery stock"""
AWK,"AWK OR ""AWK stock"" OR ""American Water Works Company, Inc."" OR American OR ""American stock"""
AXON,"AXON OR ""AXON stock"" OR ""Axon Enterprise, Inc."" OR Axon OR ""Axon stock"""
AXP,"AXP OR ""AXP stock"" OR ""American Express Company"" OR American OR ""American stock"""
AZO,"AZO OR ""AZO stock"" OR ""AutoZone, Inc."" OR AutoZone, OR ""AutoZone, stock"""
BA,"BA OR ""BA stock"" OR ""The Boeing Company"" OR Boeing OR ""Boeing stock"""
BAC,"BAC OR ""BAC stock"" OR ""Bank of America Corporation"" OR Bank OR ""Bank stock"""
BALL,"BALL OR ""BALL stock"" OR ""Ball Corporation"" OR Ball OR ""Ball stock"""
BAX,"BAX OR ""BAX stock"" OR ""Baxter International Inc."" OR Baxter OR ""Baxter stock"""
BBY,"BBY OR ""BBY stock"" OR ""Best Buy Co., Inc."" OR Best OR ""Best stock"""
BDX,"BDX OR ""BDX stock"" OR ""Becton, Dickinson and Company"" OR Becton, OR ""Becton, stock"""
BEN,"BEN OR ""BEN stock"" OR ""Franklin Resources, Inc."" OR Franklin OR ""Franklin stock"""
BG,"BG OR ""BG stock"" OR ""Bunge Global SA"" OR Bunge OR ""Bunge stock"""
BIIB,"BIIB OR ""BIIB stock"" OR ""Biogen Inc."" OR Biogen OR ""Biogen stock"""
BKNG,"BKNG OR ""BKNG stock"" OR ""Booking Holdings Inc."" OR Booking OR ""Booking stock"""
BKR,"BKR OR ""BKR stock"" OR ""Baker Hughes Company"" OR Baker OR ""Baker stock"""
BLK,"BLK OR ""BLK stock"" OR ""BlackRock, Inc."" OR BlackRock, OR ""BlackRock, stock"""
BMY,"BMY OR ""BMY stock"" OR ""Bristol-Myers Squibb Company"" OR Bristol-Myers OR ""Bristol-Myers stock"""
BR,"BR OR ""BR stock"" OR ""Broadridge Financial Solutions, Inc."" OR Broadridge OR ""Broadridge stock"""
BRO,"BRO OR ""BRO stock"" OR ""Brown & Brown, Inc."" OR Brown OR ""Brown stock"""
BSX,"BSX OR ""BSX stock"" OR ""Boston Scientific Corporation"" OR Boston OR ""Boston stock"""
BWA,"BWA OR ""BWA stock"" OR ""BorgWarner Inc."" OR BorgWarner OR ""BorgWarner stock"""
BX,"BX OR ""BX stock"" OR ""Blackstone Inc."" OR Blackstone OR ""Blackstone stock"""
BXP,"BXP OR ""BXP stock"" OR ""BXP, Inc."" OR BXP, OR ""BXP, stock"""
C,"C OR ""C stock"" OR ""Citigroup Inc."" OR Citigroup OR ""Citigroup stock"""
CAG,"CAG OR ""CAG stock"" OR ""Conagra Brands, Inc."" OR Conagra OR ""Conagra stock"""
CAH,"CAH OR ""CAH stock"" OR ""Cardinal Health, Inc."" OR Cardinal OR ""Cardinal stock"""
CARR,"CARR OR ""CARR stock"" OR ""Carrier Global Corporation"" OR Carrier OR ""Carrier stock"""
CB,"CB OR ""CB stock"" OR ""Chubb Limited"" OR Chubb OR ""Chubb stock"""
CBOE,"CBOE OR ""CBOE stock"" OR ""Cboe Global Markets, Inc."" OR Cboe OR ""Cboe stock"""
CBRE,"CBRE OR ""CBRE stock"" OR ""CBRE Group, Inc."" OR CBRE OR ""CBRE stock"""
CCI,"CCI OR ""CCI stock"" OR ""Crown Castle Inc."" OR Crown OR ""Crown stock"""
CCL,"CCL OR ""CCL stock"" OR ""Carnival Corporation & plc"" OR Carnival OR ""Carnival stock"""
CDNS,"CDNS OR ""CDNS stock"" OR ""Cadence Design Systems, Inc."" OR Cadence OR ""Cadence stock"""
CDW,"CDW OR ""CDW stock"" OR ""CDW Corporation"" OR CDW OR ""CDW stock"""
CE,"CE OR ""CE stock"" OR ""Celanese Corporation"" OR Celanese OR ""Celanese stock"""
CEG,"CEG OR ""CEG stock"" OR ""Constellation Energy Corporation"" OR Constellation OR ""Constellation stock"""
CF,"CF OR ""CF stock"" OR ""CF Industries Holdings, Inc."" OR CF OR ""CF stock"""
CFG,"CFG OR ""CFG stock"" OR ""Citizens Financial Group, Inc."" OR Citizens OR ""Citizens stock"""
CHD,"CHD OR ""CHD stock"" OR ""Church & Dwight Co., Inc."" OR Church OR ""Church stock"""
CHRW,"CHRW OR ""CHRW stock"" OR ""C.H. Robinson Worldwide, Inc."" OR C.H. OR ""C.H. stock"""
CHTR,"CHTR OR ""CHTR stock"" OR ""Charter Communications, Inc."" OR Charter OR ""Charter stock"""
CI,"CI OR ""CI stock"" OR ""The Cigna Group"" OR Cigna OR ""Cigna stock"""
CINF,"CINF OR ""CINF stock"" OR ""Cincinnati Financial Corporation"" OR Cincinnati OR ""Cincinnati stock"""
CL,"CL OR ""CL stock"" OR ""Colgate-Palmolive Company"" OR Colgate-Palmolive OR ""Colgate-Palmolive stock"""
CLX,"CLX OR ""CLX stock"" OR ""The Clorox Company"" OR Clorox OR ""Clorox stock"""
CMCSA,"CMCSA OR ""CMCSA stock"" OR ""Comcast Corporation"" OR Comcast OR ""Comcast stock"""
CME,"CME OR ""CME stock"" OR ""CME Group Inc."" OR CME OR ""CME stock"""
CMG,"CMG OR ""CMG stock"" OR ""Chipotle Mexican Grill, Inc."" OR Chipotle OR ""Chipotle stock"""
CMI,"CMI OR ""CMI stock"" OR ""Cummins Inc."" OR Cummins OR ""Cummins stock"""
CNC,"CNC OR ""CNC stock"" OR ""Centene Corporation"" OR Centene OR ""Centene stock"""
CNP,"CNP OR ""CNP stock"" OR ""CenterPoint Energy, Inc."" OR CenterPoint OR ""CenterPoint stock"""
COF,"COF OR ""COF stock"" OR ""Capital One Financial Corporation"" OR Capital OR ""Capital stock"""
COO,"COO OR ""COO stock"" OR ""The Cooper Companies, Inc."" OR Cooper OR ""Cooper stock"""
COP,"COP OR ""COP stock"" OR ""ConocoPhillips"" OR ConocoPhillips OR ""ConocoPhillips stock"""
COR,"COR OR ""COR stock"" OR ""Cencora, Inc."" OR Cencora, OR ""Cencora, stock"""
COST,"COST OR ""COST stock"" OR ""Costco Wholesale Corporation"" OR Costco OR ""Costco stock"""
CPB,"CPB OR ""CPB stock"" OR ""The Campbell's Company"" OR Campbell's OR ""Campbell's stock"""
CPRT,"CPRT OR ""CPRT stock"" OR ""Copart, Inc."" OR Copart, OR ""Copart, stock"""
CPT,"CPT OR ""CPT stock"" OR ""Camden Property Trust"" OR Camden OR ""Camden stock"""
CRL,"CRL OR ""CRL stock"" OR ""Charles River Laboratories International, Inc."" OR Charles OR ""Charles stock"""
CRM,"CRM OR ""CRM stock"" OR ""Salesforce, Inc."" OR Salesforce, OR ""Salesforce, stock"""
CRWD,"CRWD OR ""CRWD stock"" OR ""CrowdStrike Holdings, Inc."" OR CrowdStrike OR ""CrowdStrike stock"""
CSCO,"CSCO OR ""CSCO stock"" OR ""Cisco Systems, Inc."" OR Cisco OR ""Cisco stock"""
CSGP,"CSGP OR ""CSGP stock"" OR ""CoStar Group, Inc."" OR CoStar OR ""CoStar stock"""
CSX,"CSX OR ""CSX stock"" OR ""CSX Corporation"" OR CSX OR ""CSX stock"""
CTAS,"CTAS OR ""CTAS stock"" OR ""Cintas Corporation"" OR Cintas OR ""Cintas stock"""
CTLT,"CTLT OR ""CTLT stock"" OR ""Catalent, Inc."" OR Catalent, OR ""Catalent, stock"""
CTSH,"CTSH OR ""CTSH stock"" OR ""Cognizant Technology Solutions Corporation"" OR Cognizant OR ""Cognizant stock"""
CTVA,"CTVA OR ""CTVA stock"" OR ""Corteva, Inc."" OR Corteva, OR ""Corteva, stock"""
CVS,"CVS OR ""CVS stock"" OR ""CVS Health Corporation"" OR CVS OR ""CVS stock"""
CVX,"CVX OR ""CVX stock"" OR ""Chevron Corporation"" OR Chevron OR ""Chevron stock"""
CZR,"CZR OR ""CZR stock"" OR ""Caesars Entertainment, Inc."" OR Caesars OR ""Caesars stock"""
D,"D OR ""D stock"" OR ""Dominion Energy, Inc."" OR Dominion OR ""Dominion stock"""
DAL,"DAL OR ""DAL stock"" OR ""Delta Air Lines, Inc."" OR Delta OR ""Delta stock"""
DD,"DD OR ""DD stock"" OR ""DuPont de Nemours, Inc."" OR DuPont OR ""DuPont stock"""
DE,"DE OR ""DE stock"" OR ""Deere & Company"" OR Deere OR ""Deere stock"""
DECK,"DECK OR ""DECK stock"" OR ""Deckers Outdoor Corporation"" OR Deckers OR ""Deckers stock"""
DFS,"DFS OR ""DFS stock"" OR ""Discover Financial Services"" OR Discover OR ""Discover stock"""
DG,"DG OR ""DG stock"" OR ""Dollar General Corporation"" OR Dollar OR ""Dollar stock"""
DGX,"DGX OR ""DGX stock"" OR ""Quest Diagnostics Incorporated"" OR Quest OR ""Quest stock"""
DHI,"DHI OR ""DHI stock"" OR ""D.R. Horton, Inc."" OR D.R. OR ""D.R. stock"""
DIS,"DIS OR ""DIS stock"" OR ""The Walt Disney Company"" OR Walt OR ""Walt stock"""
DLR,"DLR OR ""DLR stock"" OR ""Digital Realty Trust, Inc."" OR Digital OR ""Digital stock"""
DLTR,"DLTR OR ""DLTR stock"" OR ""Dollar Tree, Inc."" OR Dollar OR ""Dollar stock"""
DOC,"DOC OR ""DOC stock"" OR ""Healthpeak Properties, Inc."" OR Healthpeak OR ""Healthpeak stock"""
DOV,"DOV OR ""DOV stock"" OR ""Dover Corporation"" OR Dover OR ""Dover stock"""
DOW,"DOW OR ""DOW stock"" OR ""Dow Inc."" OR Dow OR ""Dow stock"""
DPZ,"DPZ OR ""DPZ stock"" OR ""Domino's Pizza, Inc."" OR Domino's OR ""Domino's stock"""
DRI,"DRI OR ""DRI stock"" OR ""Darden Restaurants, Inc."" OR Darden OR ""Darden stock"""
DTE,"DTE OR ""DTE stock"" OR ""DTE Energy Company"" OR DTE OR ""DTE stock"""
DUK,"DUK OR ""DUK stock"" OR ""Duke Energy Corporation"" OR Duke OR ""Duke stock"""
DVA,"DVA OR ""DVA stock"" OR ""DaVita Inc."" OR DaVita OR ""DaVita stock"""
DVN,"DVN OR ""DVN stock"" OR ""Devon Energy Corporation"" OR Devon OR ""Devon stock"""
DXCM,"DXCM OR ""DXCM stock"" OR ""DexCom, Inc."" OR DexCom, OR ""DexCom, stock"""
EA,"EA OR ""EA stock"" OR ""Electronic Arts Inc."" OR Electronic OR ""Electronic stock"""
EBAY,"EBAY OR ""EBAY stock"" OR ""eBay Inc."" OR eBay OR ""eBay stock"""
ECL,"ECL OR ""ECL stock"" OR ""Ecolab Inc."" OR Ecolab OR ""Ecolab stock"""
EFX,"EFX OR ""EFX stock"" OR ""Equifax Inc."" OR Equifax OR ""Equifax stock"""
EIX,"EIX OR ""EIX stock"" OR ""Edison International"" OR Edison OR ""Edison stock"""
EL,"EL OR ""EL stock"" OR ""The Estée Lauder Companies Inc."" OR Estée OR ""Estée stock"""
ELV,"ELV OR ""ELV stock"" OR ""Elevance Health, Inc."" OR Elevance OR ""Elevance stock"""
EMN,"EMN OR ""EMN stock"" OR ""Eastman Chemical Company"" OR Eastman OR ""Eastman stock"""
EMR,"EMR OR ""EMR stock"" OR ""Emerson Electric Co."" OR Emerson OR ""Emerson stock"""
ENPH,"ENPH OR ""ENPH stock"" OR ""Enphase Energy, Inc."" OR Enphase OR ""Enphase stock"""
EOG,"EOG OR ""EOG stock"" OR ""EOG Resources, Inc."" OR EOG OR ""EOG stock"""
EPAM,"EPAM OR ""EPAM stock"" OR ""EPAM Systems, Inc."" OR EPAM OR ""EPAM stock"""
EQIX,"EQIX OR ""EQIX stock"" OR ""Equinix, Inc."" OR Equinix, OR ""Equinix, stock"""
EQR,"EQR OR ""EQR stock"" OR ""Equity Residential"" OR Equity OR ""Equity stock"""
EQT,"EQT OR ""EQT stock"" OR ""EQT Corporation"" OR EQT OR ""EQT stock"""
ERIE,"ERIE OR ""ERIE stock"" OR ""Erie Indemnity Company"" OR Erie OR ""Erie stock"""
ES,"ES OR ""ES stock"" OR ""Eversource Energy"" OR Eversource OR ""Eversource stock"""
ESS,"ESS OR ""ESS stock"" OR ""Essex Property Trust, Inc."" OR Essex OR ""Essex stock"""
ETN,"ETN OR ""ETN stock"" OR ""Eaton Corporation plc"" OR Eaton OR ""Eaton stock"""
ETR,"ETR OR ""ETR stock"" OR ""Entergy Corporation"" OR Entergy OR ""Entergy stock"""
EVRG,"EVRG OR ""EVRG stock"" OR ""Evergy, Inc."" OR Evergy, OR ""Evergy, stock"""
EW,"EW OR ""EW stock"" OR ""Edwards Lifesciences Corporation"" OR Edwards OR ""Edwards stock"""
EXC,"EXC OR ""EXC stock"" OR ""Exelon Corporation"" OR Exelon OR ""Exelon stock"""
EXPE,"EXPE OR ""EXPE stock"" OR ""Expedia Group, Inc."" OR Expedia OR ""Expedia stock"""
EXR,"EXR OR ""EXR stock"" OR ""Extra Space Storage Inc."" OR Extra OR ""Extra stock"""
F,"F OR ""F stock"" OR ""Ford Motor Company"" OR Ford OR ""Ford stock"""
FANG,"FANG OR ""FANG stock"" OR ""Diamondback Energy, Inc."" OR Diamondback OR ""Diamondback stock"""
FAST,"FAST OR ""FAST stock"" OR ""Fastenal Company"" OR Fastenal OR ""Fastenal stock"""
FCX,"FCX OR ""FCX stock"" OR ""Freeport-McMoRan Inc."" OR Freeport-McMoRan OR ""Freeport-McMoRan stock"""
FDS,"FDS OR ""FDS stock"" OR ""FactSet Research Systems Inc."" OR FactSet OR ""FactSet stock"""
FDX,"FDX OR ""FDX stock"" OR ""FedEx Corporation"" OR FedEx OR ""FedEx stock"""
FE,"FE OR ""FE stock"" OR ""FirstEnergy Corp."" OR FirstEnergy OR ""FirstEnergy stock"""
FFIV,"FFIV OR ""FFIV stock"" OR ""F5, Inc."" OR F5, OR ""F5, stock"""
FICO,"FICO OR ""FICO stock"" OR ""Fair Isaac Corporation"" OR Fair OR ""Fair stock"""
FIS,"FIS OR ""FIS stock"" OR ""Fidelity National Information Services, Inc."" OR Fidelity OR ""Fidelity stock"""
FITB,"FITB OR ""FITB stock"" OR ""Fifth Third Bancorp"" OR Fifth OR ""Fifth stock"""
FMC,"FMC OR ""FMC stock"" OR ""FMC Corporation"" OR FMC OR ""FMC stock"""
FOXA,"FOXA OR ""FOXA stock"" OR ""Fox Corporation"" OR Fox OR ""Fox stock"""
FRT,"FRT OR ""FRT stock"" OR ""Federal Realty Investment Trust"" OR Federal OR ""Federal stock"""
FSLR,"FSLR OR ""FSLR stock"" OR ""First Solar, Inc."" OR First OR ""First stock"""
FTNT,"FTNT OR ""FTNT stock"" OR ""Fortinet, Inc."" OR Fortinet, OR ""Fortinet, stock"""
FTV,"FTV OR ""FTV stock"" OR ""Fortive Corporation"" OR Fortive OR ""Fortive stock"""
GD,"GD OR ""GD stock"" OR ""General Dynamics Corporation"" OR General OR ""General stock"""
GDDY,"GDDY OR ""GDDY stock"" OR ""GoDaddy Inc."" OR GoDaddy OR ""GoDaddy stock"""
GE,"GE OR ""GE stock"" OR ""GE Aerospace"" OR GE OR ""GE stock"""
GEN,"GEN OR ""GEN stock"" OR ""Gen Digital Inc."" OR Gen OR ""Gen stock"""
GILD,"GILD OR ""GILD stock"" OR ""Gilead Sciences, Inc."" OR Gilead OR ""Gilead stock"""
GIS,"GIS OR ""GIS stock"" OR ""General Mills, Inc."" OR General OR ""General stock"""
GL,"GL OR ""GL stock"" OR ""Globe Life Inc."" OR Globe OR ""Globe stock"""
GLW,"GLW OR ""GLW stock"" OR ""Corning Incorporated"" OR Corning OR ""Corning stock"""
GM,"GM OR ""GM stock"" OR ""General Motors Company"" OR General OR ""General stock"""
GNRC,"GNRC OR ""GNRC stock"" OR ""Generac Holdings Inc."" OR Generac OR ""Generac stock"""
GOOGL,"GOOGL OR ""GOOGL stock"" OR ""Alphabet Inc."" OR Alphabet OR ""Alphabet stock"""
GPC,"GPC OR ""GPC stock"" OR ""Genuine Parts Company"" OR Genuine OR ""Genuine stock"""
GPN,"GPN OR ""GPN stock"" OR ""Global Payments Inc."" OR Global OR ""Global stock"""
GS,"GS OR ""GS stock"" OR ""The Goldman Sachs Group, Inc."" OR Goldman OR ""Goldman stock"""
GWW,"GWW OR ""GWW stock"" OR ""W.W. Grainger, Inc."" OR W.W. OR ""W.W. stock"""
HAL,"HAL OR ""HAL stock"" OR ""Halliburton Company"" OR Halliburton OR ""Halliburton stock"""
HAS,"HAS OR ""HAS stock"" OR ""Hasbro, Inc."" OR Hasbro, OR ""Hasbro, stock"""
HBAN,"HBAN OR ""HBAN stock"" OR ""Huntington Bancshares Incorporated"" OR Huntington OR ""Huntington stock"""
HCA,"HCA OR ""HCA stock"" OR ""HCA Healthcare, Inc."" OR HCA OR ""HCA stock"""
HD,"HD OR ""HD stock"" OR ""The Home Depot, Inc."" OR Home OR ""Home stock"""
HES,"HES OR ""HES stock"" OR ""Hess Corporation"" OR Hess OR ""Hess stock"""
HIG,"HIG OR ""HIG stock"" OR ""The Hartford Financial Services Group, Inc."" OR Hartford OR ""Hartford stock"""
HII,"HII OR ""HII stock"" OR ""Huntington Ingalls Industries, Inc."" OR Huntington OR ""Huntington stock"""
HLT,"HLT OR ""HLT stock"" OR ""Hilton Worldwide Holdings Inc."" OR Hilton OR ""Hilton stock"""
HOLX,"HOLX OR ""HOLX stock"" OR ""Hologic, Inc."" OR Hologic, OR ""Hologic, stock"""
HON,"HON OR ""HON stock"" OR ""Honeywell International Inc."" OR Honeywell OR ""Honeywell stock"""
HPE,"HPE OR ""HPE stock"" OR ""Hewlett Packard Enterprise Company"" OR Hewlett OR ""Hewlett stock"""
HPQ,"HPQ OR ""HPQ stock"" OR ""HP Inc."" OR HPQ OR ""HPQ stock"""
HRL,"HRL OR ""HRL stock"" OR ""Hormel Foods Corporation"" OR Hormel OR ""Hormel stock"""
HSIC,"HSIC OR ""HSIC stock"" OR ""Henry Schein, Inc."" OR Henry OR ""Henry stock"""
HST,"HST OR ""HST stock"" OR ""Host Hotels & Resorts, Inc."" OR Host OR ""Host stock"""
HSY,"HSY OR ""HSY stock"" OR ""The Hershey Company"" OR Hershey OR ""Hershey stock"""
HUBB,"HUBB OR ""HUBB stock"" OR ""Hubbell Incorporated"" OR Hubbell OR ""Hubbell stock"""
HUM,"HUM OR ""HUM stock"" OR ""Humana Inc."" OR Humana OR ""Humana stock"""
HWM,"HWM OR ""HWM stock"" OR ""Howmet Aerospace Inc."" OR Howmet OR ""Howmet stock"""
IBM,"IBM OR ""IBM stock"" OR ""International Business Machines Corporation"" OR International OR ""International stock"""
ICE,"ICE OR ""ICE stock"" OR ""Intercontinental Exchange, Inc."" OR Intercontinental OR ""Intercontinental stock"""
IDXX,"IDXX OR ""IDXX stock"" OR ""IDEXX Laboratories, Inc."" OR IDEXX OR ""IDEXX stock"""
IEX,"IEX OR ""IEX stock"" OR ""IDEX Corporation"" OR IDEX OR ""IDEX stock"""
IFF,"IFF OR ""IFF stock"" OR ""International Flavors & Fragrances Inc."" OR International OR ""International stock"""
INCY,"INCY OR ""INCY stock"" OR ""Incyte Corporation"" OR Incyte OR ""Incyte stock"""
INTC,"INTC OR ""INTC stock"" OR ""Intel Corporation"" OR Intel OR ""Intel stock"""
INTU,"INTU OR ""INTU stock"" OR ""Intuit Inc."" OR Intuit OR ""Intuit stock"""
INVH,"INVH OR ""INVH stock"" OR ""Invitation Homes Inc."" OR Invitation OR ""Invitation stock"""
IP,"IP OR ""IP stock"" OR ""International Paper Company"" OR International OR ""International stock"""
IPG,"IPG OR ""IPG stock"" OR ""The Interpublic Group of Companies, Inc."" OR Interpublic OR ""Interpublic stock"""
IQV,"IQV OR ""IQV stock"" OR ""IQVIA Holdings Inc."" OR IQVIA OR ""IQVIA stock"""
IR,"IR OR ""IR stock"" OR ""Ingersoll Rand Inc."" OR Ingersoll OR ""Ingersoll stock"""
IRM,"IRM OR ""IRM stock"" OR ""Iron Mountain Incorporated"" OR Iron OR ""Iron stock"""
ISRG,"ISRG OR ""ISRG stock"" OR ""Intuitive Surgical, Inc."" OR Intuitive OR ""Intuitive stock"""
IT,"IT OR ""IT stock"" OR ""Gartner, Inc."" OR Gartner, OR ""Gartner, stock"""
ITW,"ITW OR ""ITW stock"" OR ""Illinois Tool Works Inc."" OR Illinois OR ""Illinois stock"""
IVZ,"IVZ OR ""IVZ stock"" OR ""Invesco Ltd."" OR Invesco OR ""Invesco stock"""
J,"J OR ""J stock"" OR ""Jacobs Solutions Inc."" OR Jacobs OR ""Jacobs stock"""
JBHT,"JBHT OR ""JBHT stock"" OR ""J.B. Hunt Transport Services, Inc."" OR J.B. OR ""J.B. stock"""
JBL,"JBL OR ""JBL stock"" OR ""Jabil Inc."" OR Jabil OR ""Jabil stock"""
JCI,"JCI OR ""JCI stock"" OR ""Johnson Controls International plc"" OR Johnson OR ""Johnson stock"""
JKHY,"JKHY OR ""JKHY stock"" OR ""Jack Henry & Associates, Inc."" OR Jack OR ""Jack stock"""
JNJ,"JNJ OR ""JNJ stock"" OR ""Johnson & Johnson"" OR Johnson OR ""Johnson stock"""
JNPR,"JNPR OR ""JNPR stock"" OR ""Juniper Networks, Inc."" OR Juniper OR ""Juniper stock"""
JPM,"JPM OR ""JPM stock"" OR ""JPMorgan Chase & Co."" OR JPMorgan OR ""JPMorgan stock"""
K,"K OR ""K stock"" OR ""Kellanova"" OR Kellanova OR ""Kellanova stock"""
KDP,"KDP OR ""KDP stock"" OR ""Keurig Dr Pepper Inc."" OR Keurig OR ""Keurig stock"""
KEY,"KEY OR ""KEY stock"" OR ""KeyCorp"" OR KeyCorp OR ""KeyCorp stock"""
KEYS,"KEYS OR ""KEYS stock"" OR ""Keysight Technologies, Inc."" OR Keysight OR ""Keysight stock"""
KHC,"KHC OR ""KHC stock"" OR ""The Kraft Heinz Company"" OR Kraft OR ""Kraft stock"""
KIM,"KIM OR ""KIM stock"" OR ""Kimco Realty Corporation"" OR Kimco OR ""Kimco stock"""
KKR,"KKR OR ""KKR stock"" OR ""KKR & Co. Inc."" OR KKR OR ""KKR stock"""
KLAC,"KLAC OR ""KLAC stock"" OR ""KLA Corporation"" OR KLA OR ""KLA stock"""
KMB,"KMB OR ""KMB stock"" OR ""Kimberly-Clark Corporation"" OR Kimberly-Clark OR ""Kimberly-Clark stock"""
KMI,"KMI OR ""KMI stock"" OR ""Kinder Morgan, Inc."" OR Kinder OR ""Kinder stock"""
KMX,"KMX OR ""KMX stock"" OR ""CarMax, Inc."" OR CarMax, OR ""CarMax, stock"""
KO,"KO OR ""KO stock"" OR ""The Coca-Cola Company"" OR Coca-Cola OR ""Coca-Cola stock"""
KR,"KR OR ""KR stock"" OR ""The Kroger Co."" OR Kroger OR ""Kroger stock"""
L,"L OR ""L stock"" OR ""Loews Corporation"" OR Loews OR ""Loews stock"""
LDOS,"LDOS OR ""LDOS stock"" OR ""Leidos Holdings, Inc."" OR Leidos OR ""Leidos stock"""
LEN,"LEN OR ""LEN stock"" OR ""Lennar Corporation"" OR Lennar OR ""Lennar stock"""
LH,"LH OR ""LH stock"" OR ""Labcorp Holdings Inc."" OR Labcorp OR ""Labcorp stock"""
LHX,"LHX OR ""LHX stock"" OR ""L3Harris Technologies, Inc."" OR L3Harris OR ""L3Harris stock"""
LIN,"LIN OR ""LIN stock"" OR ""Linde plc"" OR Linde OR ""Linde stock"""
LKQ,"LKQ OR ""LKQ stock"" OR ""LKQ Corporation"" OR LKQ OR ""LKQ stock"""
LLY,"LLY OR ""LLY stock"" OR ""Eli Lilly and Company"" OR Eli OR ""Eli stock"""
LMT,"LMT OR ""LMT stock"" OR ""Lockheed Martin Corporation"" OR Lockheed OR ""Lockheed stock"""
LNT,"LNT OR ""LNT stock"" OR ""Alliant Energy Corporation"" OR Alliant OR ""Alliant stock"""
LOW,"LOW OR ""LOW stock"" OR ""Lowe's Companies, Inc."" OR Lowe's OR ""Lowe's stock"""
LRCX,"LRCX OR ""LRCX stock"" OR ""Lam Research Corporation"" OR Lam OR ""Lam stock"""
LULU,"LULU OR ""LULU stock"" OR ""Lululemon Athletica Inc."" OR Lululemon OR ""Lululemon stock"""
LUV,"LUV OR ""LUV stock"" OR ""Southwest Airlines Co."" OR Southwest OR ""Southwest stock"""
LVS,"LVS OR ""LVS stock"" OR ""Las Vegas Sands Corp."" OR Las OR ""Las stock"""
LW,"LW OR ""LW stock"" OR ""Lamb Weston Holdings, Inc."" OR Lamb OR ""Lamb stock"""
LYB,"LYB OR ""LYB stock"" OR ""LyondellBasell Industries N.V."" OR LyondellBasell OR ""LyondellBasell stock"""
LYV,"LYV OR ""LYV stock"" OR ""Live Nation Entertainment, Inc."" OR Live OR ""Live stock"""
MA,"MA OR ""MA stock"" OR ""Mastercard Incorporated"" OR Mastercard OR ""Mastercard stock"""
MAA,"MAA OR ""MAA stock"" OR ""Mid-America Apartment Communities, Inc."" OR Mid-America OR ""Mid-America stock"""
MAR,"MAR OR ""MAR stock"" OR ""Marriott International, Inc."" OR Marriott OR ""Marriott stock"""
MAS,"MAS OR ""MAS stock"" OR ""Masco Corporation"" OR Masco OR ""Masco stock"""
MCD,"MCD OR ""MCD stock"" OR ""McDonald's Corporation"" OR McDonald's OR ""McDonald's stock"""
MCHP,"MCHP OR ""MCHP stock"" OR ""Microchip Technology Incorporated"" OR Microchip OR ""Microchip stock"""
MCK,"MCK OR ""MCK stock"" OR ""McKesson Corporation"" OR McKesson OR ""McKesson stock"""
MCO,"MCO OR ""MCO stock"" OR ""Moody's Corporation"" OR Moody's OR ""Moody's stock"""
MDLZ,"MDLZ OR ""MDLZ stock"" OR ""Mondelez International, Inc."" OR Mondelez OR ""Mondelez stock"""
MDT,"MDT OR ""MDT stock"" OR ""Medtronic plc"" OR Medtronic OR ""Medtronic stock"""
MET,"MET OR ""MET stock"" OR ""MetLife, Inc."" OR MetLife, OR ""MetLife, stock"""
META,"META OR ""META stock"" OR ""Meta Platforms, Inc."" OR Meta OR ""Meta stock"""
MGM,"MGM OR ""MGM stock"" OR ""MGM Resorts International"" OR MGM OR ""MGM stock"""
MHK,"MHK OR ""MHK stock"" OR ""Mohawk Industries, Inc."" OR Mohawk OR ""Mohawk stock"""
MKC,"MKC OR ""MKC stock"" OR ""McCormick & Company, Incorporated"" OR McCormick OR ""McCormick stock"""
MKTX,"MKTX OR ""MKTX stock"" OR ""MarketAxess Holdings Inc."" OR MarketAxess OR ""MarketAxess stock"""
MLM,"MLM OR ""MLM stock"" OR ""Martin Marietta Materials, Inc."" OR Martin OR ""Martin stock"""
MMC,"MMC OR ""MMC stock"" OR ""Marsh & McLennan Companies, Inc."" OR Marsh OR ""Marsh stock"""
MMM,"MMM OR ""MMM stock"" OR ""3M Company"" OR MMM OR ""MMM stock"""
MNST,"MNST OR ""MNST stock"" OR ""Monster Beverage Corporation"" OR Monster OR ""Monster stock"""
MO,"MO OR ""MO stock"" OR ""Altria Group, Inc."" OR Altria OR ""Altria stock"""
MOH,"MOH OR ""MOH stock"" OR ""Molina Healthcare, Inc."" OR Molina OR ""Molina stock"""
MOS,"MOS OR ""MOS stock"" OR ""The Mosaic Company"" OR Mosaic OR ""Mosaic stock"""
MPC,"MPC OR ""MPC stock"" OR ""Marathon Petroleum Corporation"" OR Marathon OR ""Marathon stock"""
MPWR,"MPWR OR ""MPWR stock"" OR ""Monolithic Power Systems, Inc."" OR Monolithic OR ""Monolithic stock"""
MRK,"MRK OR ""MRK stock"" OR ""Merck & Co., Inc."" OR Merck OR ""Merck stock"""
MRNA,"MRNA OR ""MRNA stock"" OR ""Moderna, Inc."" OR Moderna, OR ""Moderna, stock"""
MSCI,"MSCI OR ""MSCI stock"" OR ""MSCI Inc."" OR MSCI OR ""MSCI stock"""
MSFT,"MSFT OR ""MSFT stock"" OR ""Microsoft Corporation"" OR Microsoft OR ""Microsoft stock"""
MSI,"MSI OR ""MSI stock"" OR ""Motorola Solutions, Inc."" OR Motorola OR ""Motorola stock"""
MTB,"MTB OR ""MTB stock"" OR ""M&T Bank Corporation"" OR M&T OR ""M&T stock"""
MTCH,"MTCH OR ""MTCH stock"" OR ""Match Group, Inc."" OR Match OR ""Match stock"""
MTD,"MTD OR ""MTD stock"" OR ""Mettler-Toledo International Inc."" OR Mettler-Toledo OR ""Mettler-Toledo stock"""
NCLH,"NCLH OR ""NCLH stock"" OR ""Norwegian Cruise Line Holdings Ltd."" OR Norwegian OR ""Norwegian stock"""
NDAQ,"NDAQ OR ""NDAQ stock"" OR ""Nasdaq, Inc."" OR Nasdaq, OR ""Nasdaq, stock"""
NDSN,"NDSN OR ""NDSN stock"" OR ""Nordson Corporation"" OR Nordson OR ""Nordson stock"""
NEE,"NEE OR ""NEE stock"" OR ""NextEra Energy, Inc."" OR NextEra OR ""NextEra stock"""
NEM,"NEM OR ""NEM stock"" OR ""Newmont Corporation"" OR Newmont OR ""Newmont stock"""
NFLX,"NFLX OR ""NFLX stock"" OR ""Netflix, Inc."" OR Netflix, OR ""Netflix, stock"""
NI,"NI OR ""NI stock"" OR ""NiSource Inc."" OR NiSource OR ""NiSource stock"""
NKE,"NKE OR ""NKE stock"" OR ""NIKE, Inc."" OR NIKE, OR ""NIKE, stock"""
NOC,"NOC OR ""NOC stock"" OR ""Northrop Grumman Corporation"" OR Northrop OR ""Northrop stock"""
NOW,"NOW OR ""NOW stock"" OR ""ServiceNow, Inc."" OR ServiceNow, OR ""ServiceNow, stock"""
NRG,"NRG OR ""NRG stock"" OR ""NRG Energy, Inc."" OR NRG OR ""NRG stock"""
NSC,"NSC OR ""NSC stock"" OR ""Norfolk Southern Corporation"" OR Norfolk OR ""Norfolk stock"""
NTAP,"NTAP OR ""NTAP stock"" OR ""NetApp, Inc."" OR NetApp, OR ""NetApp, stock"""
NTRS,"NTRS OR ""NTRS stock"" OR ""Northern Trust Corporation"" OR Northern OR ""Northern stock"""
NUE,"NUE OR ""NUE stock"" OR ""Nucor Corporation"" OR Nucor OR ""Nucor stock"""
NVDA,"NVDA OR ""NVDA stock"" OR ""NVIDIA Corporation"" OR NVIDIA OR ""NVIDIA stock"""
NWS,"NWS OR ""NWS stock"" OR ""News Corporation"" OR News OR ""News stock"""
NWSA,"NWSA OR ""NWSA stock"" OR ""News Corporation"" OR News OR ""News stock"""
NXPI,"NXPI OR ""NXPI stock"" OR ""NXP Semiconductors N.V."" OR NXP OR ""NXP stock"""
O,"O OR ""O stock"" OR ""Realty Income Corporation"" OR Realty OR ""Realty stock"""
ODFL,"ODFL OR ""ODFL stock"" OR ""Old Dominion Freight Line, Inc."" OR Old OR ""Old stock"""
OKE,"OKE OR ""OKE stock"" OR ""ONEOK, Inc."" OR ONEOK, OR ""ONEOK, stock"""
OMC,"OMC OR ""OMC stock"" OR ""Omnicom Group Inc."" OR Omnicom OR ""Omnicom stock"""
ON,"ON OR ""ON stock"" OR ""ON Semiconductor Corporation"" OR ON OR ""ON stock"""
ORCL,"ORCL OR ""ORCL stock"" OR ""Oracle Corporation"" OR Oracle OR ""Oracle stock"""
ORLY,"ORLY OR ""ORLY stock"" OR ""O'Reilly Automotive, Inc."" OR O'Reilly OR ""O'Reilly stock"""
OTIS,"OTIS OR ""OTIS stock"" OR ""Otis Worldwide Corporation"" OR Otis OR ""Otis stock"""
OXY,"OXY OR ""OXY stock"" OR ""Occidental Petroleum Corporation"" OR Occidental OR ""Occidental stock"""
PANW,"PANW OR ""PANW stock"" OR ""Palo Alto Networks, Inc."" OR Palo OR ""Palo stock"""
PARA,"PARA OR ""PARA stock"" OR ""Paramount Global"" OR Paramount OR ""Paramount stock"""
PAYC,"PAYC OR ""PAYC stock"" OR ""Paycom Software, Inc."" OR Paycom OR ""Paycom stock"""
PAYX,"PAYX OR ""PAYX stock"" OR ""Paychex, Inc."" OR Paychex, OR ""Paychex, stock"""
PCAR,"PCAR OR ""PCAR stock"" OR ""PACCAR Inc"" OR PACCAR OR ""PACCAR stock"""
PCG,"PCG OR ""PCG stock"" OR ""PG&E Corporation"" OR PG&E OR ""PG&E stock"""
PEG,"PEG OR ""PEG stock"" OR ""Public Service Enterprise Group Incorporated"" OR Public OR ""Public stock"""
PEP,"PEP OR ""PEP stock"" OR ""PepsiCo, Inc."" OR PepsiCo, OR ""PepsiCo, stock"""
PFE,"PFE OR ""PFE stock"" OR ""Pfizer Inc."" OR Pfizer OR ""Pfizer stock"""
PFG,"PFG OR ""PFG stock"" OR ""Principal Financial Group, Inc."" OR Principal OR ""Principal stock"""
PG,"PG OR ""PG stock"" OR ""The Procter & Gamble Company"" OR Procter OR ""Procter stock"""
PGR,"PGR OR ""PGR stock"" OR ""The Progressive Corporation"" OR Progressive OR ""Progressive stock"""
PH,"PH OR ""PH stock"" OR ""Parker-Hannifin Corporation"" OR Parker-Hannifin OR ""Parker-Hannifin stock"""
PHM,"PHM OR ""PHM stock"" OR ""PulteGroup, Inc."" OR PulteGroup, OR ""PulteGroup, stock"""
PKG,"PKG OR ""PKG stock"" OR ""Packaging Corporation of America"" OR Packaging OR ""Packaging stock"""
PLD,"PLD OR ""PLD stock"" OR ""Prologis, Inc."" OR Prologis, OR ""Prologis, stock"""
PLTR,"PLTR OR ""PLTR stock"" OR ""Palantir Technologies Inc."" OR Palantir OR ""Palantir stock"""
PM,"PM OR ""PM stock"" OR ""Philip Morris International Inc."" OR Philip OR ""Philip stock"""
PNC,"PNC OR ""PNC stock"" OR ""The PNC Financial Services Group, Inc."" OR PNC OR ""PNC stock"""
PNR,"PNR OR ""PNR stock"" OR ""Pentair plc"" OR Pentair OR ""Pentair stock"""
PNW,"PNW OR ""PNW stock"" OR ""Pinnacle West Capital Corporation"" OR Pinnacle OR ""Pinnacle stock"""
PODD,"PODD OR ""PODD stock"" OR ""Insulet Corporation"" OR Insulet OR ""Insulet stock"""
POOL,"POOL OR ""POOL stock"" OR ""Pool Corporation"" OR Pool OR ""Pool stock"""
PPG,"PPG OR ""PPG stock"" OR ""PPG Industries, Inc."" OR PPG OR ""PPG stock"""
PPL,"PPL OR ""PPL stock"" OR ""PPL Corporation"" OR PPL OR ""PPL stock"""
PRU,"PRU OR ""PRU stock"" OR ""Prudential Financial, Inc."" OR Prudential OR ""Prudential stock"""
PSA,"PSA OR ""PSA stock"" OR ""Public Storage"" OR Public OR ""Public stock"""
PSX,"PSX OR ""PSX stock"" OR ""Phillips 66"" OR Phillips OR ""Phillips stock"""
PTC,"PTC OR ""PTC stock"" OR ""PTC Inc."" OR PTC OR ""PTC stock"""
PWR,"PWR OR ""PWR stock"" OR ""Quanta Services, Inc."" OR Quanta OR ""Quanta stock"""
PYPL,"PYPL OR ""PYPL stock"" OR ""PayPal Holdings, Inc."" OR PayPal OR ""PayPal stock"""
QCOM,"QCOM OR ""QCOM stock"" OR ""QUALCOMM Incorporated"" OR QUALCOMM OR ""QUALCOMM stock"""
QRVO,"QRVO OR ""QRVO stock"" OR ""Qorvo, Inc."" OR Qorvo, OR ""Qorvo, stock"""
RCL,"RCL OR ""RCL stock"" OR ""Royal Caribbean Cruises Ltd."" OR Royal OR ""Royal stock"""
REG,"REG OR ""REG stock"" OR ""Regency Centers Corporation"" OR Regency OR ""Regency stock"""
REGN,"REGN OR ""REGN stock"" OR ""Regeneron Pharmaceuticals, Inc."" OR Regeneron OR ""Regeneron stock"""
RF,"RF OR ""RF stock"" OR ""Regions Financial Corporation"" OR Regions OR ""Regions stock"""
RJF,"RJF OR ""RJF stock"" OR ""Raymond James Financial, Inc."" OR Raymond OR ""Raymond stock"""
RL,"RL OR ""RL stock"" OR ""Ralph Lauren Corporation"" OR Ralph OR ""Ralph stock"""
RMD,"RMD OR ""RMD stock"" OR ""ResMed Inc."" OR ResMed OR ""ResMed stock"""
ROL,"ROL OR ""ROL stock"" OR ""Rollins, Inc."" OR Rollins, OR ""Rollins, stock"""
ROP,"ROP OR ""ROP stock"" OR ""Roper Technologies, Inc."" OR Roper OR ""Roper stock"""
ROST,"ROST OR ""ROST stock"" OR ""Ross Stores, Inc."" OR Ross OR ""Ross stock"""
RSG,"RSG OR ""RSG stock"" OR ""Republic Services, Inc."" OR Republic OR ""Republic stock"""
RTX,"RTX OR ""RTX stock"" OR ""RTX Corporation"" OR RTX OR ""RTX stock"""
SBAC,"SBAC OR ""SBAC stock"" OR ""SBA Communications Corporation"" OR SBA OR ""SBA stock"""
SBUX,"SBUX OR ""SBUX stock"" OR ""Starbucks Corporation"" OR Starbucks OR ""Starbucks stock"""
SHW,"SHW OR ""SHW stock"" OR ""The Sherwin-Williams Company"" OR Sherwin-Williams OR ""Sherwin-Williams stock"""
SJM,"SJM OR ""SJM stock"" OR ""The J. M. Smucker Company"" OR J. OR ""J. stock"""
SLB,"SLB OR ""SLB stock"" OR ""Schlumberger Limited"" OR Schlumberger OR ""Schlumberger stock"""
SMCI,"SMCI OR ""SMCI stock"" OR ""Super Micro Computer, Inc."" OR Super OR ""Super stock"""
SNA,"SNA OR ""SNA stock"" OR ""Snap-on Incorporated"" OR Snap-on OR ""Snap-on stock"""
SNPS,"SNPS OR ""SNPS stock"" OR ""Synopsys, Inc."" OR Synopsys, OR ""Synopsys, stock"""
SO,"SO OR ""SO stock"" OR ""The Southern Company"" OR Southern OR ""Southern stock"""
SPG,"SPG OR ""SPG stock"" OR ""Simon Property Group, Inc."" OR Simon OR ""Simon stock"""
SPGI,"SPGI OR ""SPGI stock"" OR ""S&P Global Inc."" OR S&P OR ""S&P stock"""
SRE,"SRE OR ""SRE stock"" OR ""Sempra"" OR Sempra OR ""Sempra stock"""
STE,"STE OR ""STE stock"" OR ""STERIS plc"" OR STERIS OR ""STERIS stock"""
STX,"STX OR ""STX stock"" OR ""Seagate Technology Holdings plc"" OR Seagate OR ""Seagate stock"""
STZ,"STZ OR ""STZ stock"" OR ""Constellation Brands, Inc."" OR Constellation OR ""Constellation stock"""
SWKS,"SWKS OR ""SWKS stock"" OR ""Skyworks Solutions, Inc."" OR Skyworks OR ""Skyworks stock"""
SYF,"SYF OR ""SYF stock"" OR ""Synchrony Financial"" OR Synchrony OR ""Synchrony stock"""
SYK,"SYK OR ""SYK stock"" OR ""Stryker Corporation"" OR Stryker OR ""Stryker stock"""
SYY,"SYY OR ""SYY stock"" OR ""Sysco Corporation"" OR Sysco OR ""Sysco stock"""
T,"T OR ""T stock"" OR ""AT&T Inc."" OR AT&T OR ""AT&T stock"""
TDG,"TDG OR ""TDG stock"" OR ""TransDigm Group Incorporated"" OR TransDigm OR ""TransDigm stock"""
TDY,"TDY OR ""TDY stock"" OR ""Teledyne Technologies Incorporated"" OR Teledyne OR ""Teledyne stock"""
TECH,"TECH OR ""TECH stock"" OR ""Bio-Techne Corporation"" OR Bio-Techne OR ""Bio-Techne stock"""
TEL,"TEL OR ""TEL stock"" OR ""TE Connectivity plc"" OR TEL OR ""TEL stock"""
TER,"TER OR ""TER stock"" OR ""Teradyne, Inc."" OR Teradyne, OR ""Teradyne, stock"""
TFC,"TFC OR ""TFC stock"" OR ""Truist Financial Corporation"" OR Truist OR ""Truist stock"""
TFX,"TFX OR ""TFX stock"" OR ""Teleflex Incorporated"" OR Teleflex OR ""Teleflex stock"""
TGT,"TGT OR ""TGT stock"" OR ""Target Corporation"" OR Target OR ""Target stock"""
TJX,"TJX OR ""TJX stock"" OR ""The TJX Companies, Inc."" OR TJX OR ""TJX stock"""
TMO,"TMO OR ""TMO stock"" OR ""Thermo Fisher Scientific Inc."" OR Thermo OR ""Thermo stock"""
TMUS,"TMUS OR ""TMUS stock"" OR ""T-Mobile US, Inc."" OR T-Mobile OR ""T-Mobile stock"""
TPL,"TPL OR ""TPL stock"" OR ""Texas Pacific Land Corporation"" OR Texas OR ""Texas stock"""
TPR,"TPR OR ""TPR stock"" OR ""Tapestry, Inc."" OR Tapestry, OR ""Tapestry, stock"""
TRGP,"TRGP OR ""TRGP stock"" OR ""Targa Resources Corp."" OR Targa OR ""Targa stock"""
TRMB,"TRMB OR ""TRMB stock"" OR ""Trimble Inc."" OR Trimble OR ""Trimble stock"""
TRV,"TRV OR ""TRV stock"" OR ""The Travelers Companies, Inc."" OR Travelers OR ""Travelers stock"""
TSCO,"TSCO OR ""TSCO stock"" OR ""Tractor Supply Company"" OR Tractor OR ""Tractor stock"""
TSLA,"TSLA OR ""TSLA stock"" OR ""Tesla, Inc."" OR Tesla, OR ""Tesla, stock"""
TSN,"TSN OR ""TSN stock"" OR ""Tyson Foods, Inc."" OR Tyson OR ""Tyson stock"""
TT,"TT OR ""TT stock"" OR ""Trane Technologies plc"" OR Trane OR ""Trane stock"""
TTWO,"TTWO OR ""TTWO stock"" OR ""Take-Two Interactive Software, Inc."" OR Take-Two OR ""Take-Two stock"""
TXN,"TXN OR ""TXN stock"" OR ""Texas Instruments Incorporated"" OR Texas OR ""Texas stock"""
TXT,"TXT OR ""TXT stock"" OR ""Textron Inc."" OR Textron OR ""Textron stock"""
TYL,"TYL OR ""TYL stock"" OR ""Tyler Technologies, Inc."" OR Tyler OR ""Tyler stock"""
UAL,"UAL OR ""UAL stock"" OR ""United Airlines Holdings, Inc."" OR United OR ""United stock"""
UBER,"UBER OR ""UBER stock"" OR ""Uber Technologies, Inc."" OR Uber OR ""Uber stock"""
UDR,"UDR OR ""UDR stock"" OR ""UDR, Inc."" OR UDR, OR ""UDR, stock"""
UHS,"UHS OR ""UHS stock"" OR ""Universal Health Services, Inc."" OR Universal OR ""Universal stock"""
ULTA,"ULTA OR ""ULTA stock"" OR ""Ulta Beauty, Inc."" OR Ulta OR ""Ulta stock"""
UNH,"UNH OR ""UNH stock"" OR ""UnitedHealth Group Incorporated"" OR UnitedHealth OR ""UnitedHealth stock"""
UNP,"UNP OR ""UNP stock"" OR ""Union Pacific Corporation"" OR Union OR ""Union stock"""
UPS,"UPS OR ""UPS stock"" OR ""United Parcel Service, Inc."" OR United OR ""United stock"""
URI,"URI OR ""URI stock"" OR ""United Rentals, Inc."" OR United OR ""United stock"""
USB,"USB OR ""USB stock"" OR ""U.S. Bancorp"" OR U.S. OR ""U.S. stock"""
V,"V OR ""V stock"" OR ""Visa Inc."" OR Visa OR ""Visa stock"""
VICI,"VICI OR ""VICI stock"" OR ""VICI Properties Inc."" OR VICI OR ""VICI stock"""
VLO,"VLO OR ""VLO stock"" OR ""Valero Energy Corporation"" OR Valero OR ""Valero stock"""
VMC,"VMC OR ""VMC stock"" OR ""Vulcan Materials Company"" OR Vulcan OR ""Vulcan stock"""
VRSK,"VRSK OR ""VRSK stock"" OR ""Verisk Analytics, Inc."" OR Verisk OR ""Verisk stock"""
VRSN,"VRSN OR ""VRSN stock"" OR ""VeriSign, Inc."" OR VeriSign, OR ""VeriSign, stock"""
VRTX,"VRTX OR ""VRTX stock"" OR ""Vertex Pharmaceuticals Incorporated"" OR Vertex OR ""Vertex stock"""
VST,"VST OR ""VST stock"" OR ""Vistra Corp."" OR Vistra OR ""Vistra stock"""
VTR,"VTR OR ""VTR stock"" OR ""Ventas, Inc."" OR Ventas, OR ""Ventas, stock"""
VTRS,"VTRS OR ""VTRS stock"" OR ""Viatris Inc."" OR Viatris OR ""Viatris stock"""
VZ,"VZ OR ""VZ stock"" OR ""Verizon Communications Inc."" OR Verizon OR ""Verizon stock"""
WAB,"WAB OR ""WAB stock"" OR ""Westinghouse Air Brake Technologies Corporation"" OR Westinghouse OR ""Westinghouse stock"""
WAT,"WAT OR ""WAT stock"" OR ""Waters Corporation"" OR Waters OR ""Waters stock"""
WBA,"WBA OR ""WBA stock"" OR ""Walgreens Boots Alliance, Inc."" OR Walgreens OR ""Walgreens stock"""
WDC,"WDC OR ""WDC stock"" OR ""Western Digital Corporation"" OR Western OR ""Western stock"""
WEC,"WEC OR ""WEC stock"" OR ""WEC Energy Group, Inc."" OR WEC OR ""WEC stock"""
WELL,"WELL OR ""WELL stock"" OR ""Welltower Inc."" OR Welltower OR ""Welltower stock"""
WFC,"WFC OR ""WFC stock"" OR ""Wells Fargo & Company"" OR Wells OR ""Wells stock"""
WM,"WM OR ""WM stock"" OR ""Waste Management, Inc."" OR Waste OR ""Waste stock"""
WMB,"WMB OR ""WMB stock"" OR ""The Williams Companies, Inc."" OR Williams OR ""Williams stock"""
WMT,"WMT OR ""WMT stock"" OR ""Walmart Inc."" OR Walmart OR ""Walmart stock"""
WRB,"WRB OR ""WRB stock"" OR ""W. R. Berkley Corporation"" OR WRB OR ""WRB stock"""
WST,"WST OR ""WST stock"" OR ""West Pharmaceutical Services, Inc."" OR West OR ""West stock"""
WY,"WY OR ""WY stock"" OR ""Weyerhaeuser Company"" OR Weyerhaeuser OR ""Weyerhaeuser stock"""
WYNN,"WYNN OR ""WYNN stock"" OR ""Wynn Resorts, Limited"" OR Wynn OR ""Wynn stock"""
XEL,"XEL OR ""XEL stock"" OR ""Xcel Energy Inc."" OR Xcel OR ""Xcel stock"""
XOM,"XOM OR ""XOM stock"" OR ""Exxon Mobil Corporation"" OR Exxon OR ""Exxon stock"""
XYL,"XYL OR ""XYL stock"" OR ""Xylem Inc."" OR Xylem OR ""Xylem stock"""
YUM,"YUM OR ""YUM stock"" OR ""Yum! Brands, Inc."" OR Yum! OR ""Yum! stock"""
ZBH,"ZBH OR ""ZBH stock"" OR ""Zimmer Biomet Holdings, Inc."" OR Zimmer OR ""Zimmer stock"""
ZBRA,"ZBRA OR ""ZBRA stock"" OR ""Zebra Technologies Corporation"" OR Zebra OR ""Zebra stock"""
ZTS,"ZTS OR ""ZTS stock"" OR ""Zoetis Inc."" OR Zoetis OR ""Zoetis stock"""
